id,taskId,userId,role,createdAt
_bjSGSFZMvgFlvMQQZZO-,cfWtsncr0kMUAtaUx8gzZ,zT54BfytlJODdWbmeKSVZnQsw2bdlYqX,creator,2025-11-21 13:33:48.526
_g1taxkCbsmW7BNuVE1ex,Qd6MNc_lnXGXe0vErH6PA,zT54BfytlJODdWbmeKSVZnQsw2bdlYqX,creator,2025-12-19 08:49:45.204
_LaAAlgim-oafGL6hn5sU,8lzckWOpz6D-E5O-aBRMb,GdwpHOgPdwWSgNnWSjHG5v0llqBVbKtg,creator,2025-11-18 10:02:50.047
_lELc3Hjl5Y9UV6VNfKqK,C6pOV5Imi9R5HMvNgiwkM,GdwpHOgPdwWSgNnWSjHG5v0llqBVbKtg,creator,2025-12-17 10:41:49.371
_x42nPj9StqhTxdSNVIN4,HD766wc6WMaLpgGNlmyWy,zT54BfytlJODdWbmeKSVZnQsw2bdlYqX,creator,2025-11-12 11:29:55.094
_ymDCWXqzmY3welnZiYdq,xld5xUta5pvg6NwHHq7Fd,S1SfLojzX9ywijHIQd4Lqftiy72b4cOQ,creator,2025-12-01 14:48:27.766
-caeCIdBZvzYB43ZQKEr7,oqHSko3JlqU_Ravt1kQQ_,pYcGKxZ2bm6CMreDd4PaXfGdyImop3w3,creator,2025-11-19 14:56:43.571
-kn1X_QIkQhb4fRL1suZU,mVo8rVlNOlhTorcKJ13zp,zT54BfytlJODdWbmeKSVZnQsw2bdlYqX,creator,2025-11-17 13:02:31.303
-m-H0bxEzmzgFZh2mpkGR,METsaPeSFKnwEZCWt7Ia7,GdwpHOgPdwWSgNnWSjHG5v0llqBVbKtg,creator,2025-12-09 18:12:49.4
-mlZXCp9oIZ6weDZ8Wqn-,ahfaXk8yINmuDUBW9edJl,SbaqoYkhJiwSJ6kiC7UlgqsWXdNVGYWT,creator,2025-12-09 15:34:58.071
-NistLz70bTFtgKfUWRGX,tFlR8kGlaXMiMbYZJ8eTh,SbaqoYkhJiwSJ6kiC7UlgqsWXdNVGYWT,creator,2025-11-13 13:05:20.444
05e122cvN-TX0XSayJkn_,2RweeUqct_NUlFUCCMLdx,zT54BfytlJODdWbmeKSVZnQsw2bdlYqX,creator,2025-11-17 10:55:12.17
0fMCo8yRWWHH_x-Lq6e3i,Ri2t8ndv1t0dmmGU4vRPt,pYcGKxZ2bm6CMreDd4PaXfGdyImop3w3,creator,2025-12-08 11:22:06.219
0qoVjVZDyK6w_aqMtFVQc,uOmSpVZYVgKN931Z5Rwot,zT54BfytlJODdWbmeKSVZnQsw2bdlYqX,creator,2025-11-12 11:18:39.795
0SNufZIeba3NLyle670Wo,vpV7Q2TcWlRjQ_GrLC1AO,GdwpHOgPdwWSgNnWSjHG5v0llqBVbKtg,creator,2025-12-09 17:54:48.626
0u6K3mXxLAfwY-FRV9buY,WlOnhwUyJtNAkrlhZiYLb,zT54BfytlJODdWbmeKSVZnQsw2bdlYqX,creator,2025-11-17 11:04:51.218
0vYegSzJvmtRx6Ukt-lQ5,1GYVraE11YXccHeO7hvbl,GdwpHOgPdwWSgNnWSjHG5v0llqBVbKtg,creator,2025-12-17 10:34:51.066
1-AiqO9gN3Z6z8l36Nh8G,PL1SkhgovwhNr-ned3KJl,zT54BfytlJODdWbmeKSVZnQsw2bdlYqX,creator,2025-12-02 13:05:53.794
1eO3L4pWsffOBTd_LC1b2,hYJE3eo_4hTtzNiUafdCO,SbaqoYkhJiwSJ6kiC7UlgqsWXdNVGYWT,creator,2025-12-01 14:02:10.813
1Q7jOeBp94VFTYAPAOLOo,E9zRT9ZIXO6yfhERhhQ7K,zT54BfytlJODdWbmeKSVZnQsw2bdlYqX,creator,2025-11-25 10:45:38.134
1QjNiBJEUwaHHaI8rZu1J,QEOfm-5AEuXsWHlbkXZ6A,zT54BfytlJODdWbmeKSVZnQsw2bdlYqX,creator,2025-11-27 13:30:30.327
1YZAKMxzsjU7qr_fRfiOk,luHmtGwv2lFQ0nuCUQHtk,zT54BfytlJODdWbmeKSVZnQsw2bdlYqX,creator,2025-12-09 08:39:20.559
27nMxZrm0ely-LeZHLnHw,0DjuMdF0JZAZw7v5STLzG,GdwpHOgPdwWSgNnWSjHG5v0llqBVbKtg,creator,2025-11-18 09:51:55.653
2RbvgnlkISg1iOQkQ8AUC,uoSgSE7UnRhDasI8wRuw_,GdwpHOgPdwWSgNnWSjHG5v0llqBVbKtg,creator,2025-11-13 12:50:30.36
2WzEphuzgzvwb6-85Hic5,nPctB-3OWCGGy8D-gD48O,S1SfLojzX9ywijHIQd4Lqftiy72b4cOQ,creator,2025-12-01 16:36:07.421
3Blib540OmRwVwT14tamw,Yn-fSjPKUPJAlv_Q5G2oz,S1SfLojzX9ywijHIQd4Lqftiy72b4cOQ,creator,2025-11-14 17:28:05.622
3lyHHcg6bTE5JdVUZcop_,QrgVpvCEoeruaz-NNY1Ii,S1SfLojzX9ywijHIQd4Lqftiy72b4cOQ,creator,2025-12-23 10:45:17.209
3OTzYsQsypq8H27pq7RZQ,moae_xesmjgg4peZA0A7q,GdwpHOgPdwWSgNnWSjHG5v0llqBVbKtg,creator,2025-12-22 10:43:50.469
3rcgzwwMaz_-bmyMtULK1,DmdNP9PI5whP0FbD6B5Ez,pYcGKxZ2bm6CMreDd4PaXfGdyImop3w3,creator,2025-11-28 09:48:17.377
40YNAwYeJBse3EBUcB2zm,NnMhYzV1f_lM75cn7ByWk,GdwpHOgPdwWSgNnWSjHG5v0llqBVbKtg,creator,2025-11-19 16:45:13.407
41rwkwjC2cuTcDftJpDhC,V6kZVR8cyXCdHFaGeLc4x,GdwpHOgPdwWSgNnWSjHG5v0llqBVbKtg,creator,2025-11-10 09:30:00.535
448bVg4VReY5xLzr4gxyJ,gspdByHKwKdD9R1kR2kB9,GdwpHOgPdwWSgNnWSjHG5v0llqBVbKtg,creator,2025-12-18 08:04:02.288
4CaauoEkVxnsW1rwWjspd,KTOBgV96utg_mQNheuLyM,zT54BfytlJODdWbmeKSVZnQsw2bdlYqX,creator,2025-11-27 13:27:11.248
4pOkGIs0qyC2o44FuJwQ4,MgPpC0HmO4GSlf9M2qejN,GdwpHOgPdwWSgNnWSjHG5v0llqBVbKtg,creator,2025-11-14 17:04:00.386
4rFEgyEHPPj9fysNrX8ue,MHtTERvtT5PFoOCzKYfKU,GdwpHOgPdwWSgNnWSjHG5v0llqBVbKtg,creator,2025-11-10 09:01:27.575
4XT2FIx1eb9NuX9cipzyD,Hwu9Bb0mYZW2mMxADQ4ME,zT54BfytlJODdWbmeKSVZnQsw2bdlYqX,creator,2025-11-28 08:29:32.937
4YgHaIaVtHHtZT_UH7MwW,oFjFww-oI_qF95-Qu727Z,GdwpHOgPdwWSgNnWSjHG5v0llqBVbKtg,creator,2025-11-13 13:07:00.267
500DaJewX0bv2jrQTICxi,JaNu9N16K4LqLnTbssY0-,GdwpHOgPdwWSgNnWSjHG5v0llqBVbKtg,creator,2025-12-19 10:39:46.317
6QGF7WAFhADjxDj-497ek,hlmchKMSlBDv5WjvEPQ3H,5CUbS4Ww95utj7iNfbi5WHq8gRcFt1U3,creator,2025-11-22 10:59:56.183
6Qu_C_2gajzpVocqOq6uD,7Ay3YqFK3dOryRXZ4iDkK,GdwpHOgPdwWSgNnWSjHG5v0llqBVbKtg,creator,2025-12-17 09:06:52.539
6STrLXZCeYNikqNhW8h3x,tcVqFR7C3RKslTRtNbsyq,GdwpHOgPdwWSgNnWSjHG5v0llqBVbKtg,creator,2025-11-19 17:09:29.333
6u2LIpCelpFiSgSlJhLF8,-AVIGqZ_JK5VBNStKRTEv,pYcGKxZ2bm6CMreDd4PaXfGdyImop3w3,creator,2025-12-08 11:21:53.551
6vHLFl-3YN6LAjhZ9dDFX,YbxDPgDCOdZQSSj6NIzyJ,S1SfLojzX9ywijHIQd4Lqftiy72b4cOQ,creator,2025-12-23 11:39:09.828
6yKEEk3_rZ_NqGf6i3aiy,byC6mHxiYQWBQ7xc2zfml,GdwpHOgPdwWSgNnWSjHG5v0llqBVbKtg,creator,2025-11-13 13:12:45.831
700OpnZp-oV37g7U_WY14,SUx0x-z0a4JQbk1RjeSEe,GdwpHOgPdwWSgNnWSjHG5v0llqBVbKtg,creator,2025-12-09 18:05:49.324
7lDL3DXKud4UVtLgM7t8A,0GVNPpehpX3xwYXkeiah_,SbaqoYkhJiwSJ6kiC7UlgqsWXdNVGYWT,creator,2025-11-13 13:05:15.639
7mwEeOAHKiibM0e5-T82W,wxeN396Tldi_nWooFgY9A,SbaqoYkhJiwSJ6kiC7UlgqsWXdNVGYWT,creator,2025-12-16 07:28:25.692
82iO6ZPEHfz9DeK7B7DSE,2xsXrFs0G4VLB4sVblY4E,GdwpHOgPdwWSgNnWSjHG5v0llqBVbKtg,creator,2025-12-23 12:41:52.315
8hGgTiidOfmuvOxP3EmdD,OKpkC8fldplMxrR8phwML,GdwpHOgPdwWSgNnWSjHG5v0llqBVbKtg,creator,2025-12-23 10:13:49.657
8xyyJ7iw8Esre1wru0r5f,AdpvUy8KoB-26y0SX8Bvj,GdwpHOgPdwWSgNnWSjHG5v0llqBVbKtg,creator,2025-12-23 10:11:11.222
93YhcIjOogLBV85WSKOa5,GuyPwCh9ECc_L93sTvsIT,SbaqoYkhJiwSJ6kiC7UlgqsWXdNVGYWT,creator,2025-12-01 14:03:35.168
975f-dnDTO2NbYCQRUMfw,oViPPEzcoJgcj0eTp1JB3,S1SfLojzX9ywijHIQd4Lqftiy72b4cOQ,creator,2025-11-14 17:25:01.459
a1ehwgV6WqTEQTOS3VaQd,Si48kJaKIroQkiyC-bQBi,zT54BfytlJODdWbmeKSVZnQsw2bdlYqX,creator,2025-11-12 11:29:10.354
A2DXippBm-cf3Nz6azRxz,IqoeO_6Lik4PCl4AQmbzT,zT54BfytlJODdWbmeKSVZnQsw2bdlYqX,creator,2025-11-27 13:25:17.9
ad5_AcdHJ7XH9B-ow2eEu,KRJjmH7Gzq6eJ0IWwuoOT,GdwpHOgPdwWSgNnWSjHG5v0llqBVbKtg,creator,2025-12-22 10:49:58.571
AekRR7Ud5wGvInyFaKfPR,_lm7j8z1_nJkiO9UfzO4m,zT54BfytlJODdWbmeKSVZnQsw2bdlYqX,creator,2025-12-23 13:32:07.755
AF3YgAF9a2Fdr3wzk4Wa9,McnnWnKsgYtSzegv4VYMy,zT54BfytlJODdWbmeKSVZnQsw2bdlYqX,creator,2025-11-28 08:47:28.487
aOGTABSb3GwK4Cce5CIcE,Spa7bPS3zGyYc-vziJvEp,S1SfLojzX9ywijHIQd4Lqftiy72b4cOQ,creator,2025-11-21 16:12:29.771
Aq6PaL7T80PHfyKqlaN8s,2KlSggyHmwX12uBT_w2Xu,GdwpHOgPdwWSgNnWSjHG5v0llqBVbKtg,creator,2025-11-14 16:38:00.324
B2nmnpcikZGSHkiMGunKN,8ud71zkQw9x6UNwBo7YpB,S1SfLojzX9ywijHIQd4Lqftiy72b4cOQ,creator,2025-11-20 14:53:06.376
bhNqmS9gOCIN-Yu7n8LH3,_bS0tnFsaUCQ88ucAKFIx,GdwpHOgPdwWSgNnWSjHG5v0llqBVbKtg,creator,2025-11-17 12:19:45.188
bp4WSk-McL8fkhaQLnuK4,KDU584KlQ1tbMCNA0y6_A,zT54BfytlJODdWbmeKSVZnQsw2bdlYqX,creator,2025-12-19 08:38:38.341
bprmyiucLjJ6dW-fUom42,paBpprscyJqlJ5X-RrDCZ,zT54BfytlJODdWbmeKSVZnQsw2bdlYqX,creator,2025-11-25 10:42:19.924
Bq3iBUvSDkf1agy0R2sgk,yKlCsThNFdYbxa_p0hdc6,zT54BfytlJODdWbmeKSVZnQsw2bdlYqX,creator,2025-11-27 13:37:59.41
bqtO7ZcK0Eqcot50Xf_nh,leVbth5BIv-VyQ5sZSzsh,GdwpHOgPdwWSgNnWSjHG5v0llqBVbKtg,creator,2025-12-23 11:17:00.778
C2e5TzEzoidHQjKHrFvRR,C2Y1DetoieFh4prPHbl_i,zT54BfytlJODdWbmeKSVZnQsw2bdlYqX,creator,2025-11-17 11:06:43.106
C2gT0L1eYhO0JcrI1XCTj,DTLEHVWy-y0TXRjFEBT3B,GdwpHOgPdwWSgNnWSjHG5v0llqBVbKtg,creator,2025-11-10 16:04:49.49
C8TLDal09DefCIXW7s0rD,HO0GLTeNGMat26_S58l5f,zT54BfytlJODdWbmeKSVZnQsw2bdlYqX,creator,2025-12-19 08:52:11.494
C9GnXxnftYiofbDgVaHCP,lD4T7tEDqafZB-JgJT63a,GdwpHOgPdwWSgNnWSjHG5v0llqBVbKtg,creator,2025-12-19 10:46:08.639
CA5lw9nDca0LRBiWCpUaP,LtaJwuFhg9bfEUeczDEDd,S1SfLojzX9ywijHIQd4Lqftiy72b4cOQ,creator,2025-11-18 18:05:34.158
CaLL4q1KvV2O5umhwmTfD,ny2k6dWxDLE1nkUyaFD2s,GdwpHOgPdwWSgNnWSjHG5v0llqBVbKtg,creator,2025-12-23 12:16:10.838
CanNkFJ3QZ91nQE3LAe9J,rP7-pEVX2wlXjb7IPEl_z,S1SfLojzX9ywijHIQd4Lqftiy72b4cOQ,creator,2025-11-17 14:02:21.972
ccPUbDh6pF7p-rcOTmwvf,0pXaRCq_juMaSpHK5JUAI,zT54BfytlJODdWbmeKSVZnQsw2bdlYqX,creator,2025-12-09 08:06:06.106
CErxB46O0phmA5s4O176y,TkQq0ipAfnXGi1HE9RGE0,zT54BfytlJODdWbmeKSVZnQsw2bdlYqX,creator,2025-11-28 08:36:41.998
cmP9zWDZrbI5Ocyu_y29J,fxe8TsgQ_2bA5dJ5ZNqrm,S1SfLojzX9ywijHIQd4Lqftiy72b4cOQ,creator,2025-11-14 16:57:21.828
cra54x71Lj6-JoVOi7Im4,ISkVXGaqSlBy8FODFA6TF,S1SfLojzX9ywijHIQd4Lqftiy72b4cOQ,creator,2025-12-01 15:10:38.658
cUy_Mr5uO4l5_8nT9W9NF,PTlsorh5x1Y5mwn0IDhSF,zT54BfytlJODdWbmeKSVZnQsw2bdlYqX,creator,2025-11-21 13:35:09.742
cy7RDrbo7r5T2YbYGQVTU,lUS7tWp5m9ch7U-KYtbBC,GdwpHOgPdwWSgNnWSjHG5v0llqBVbKtg,creator,2025-11-14 17:11:09.77
D_m4b1pFPzruYCRN-Y3EM,KuSvkT5MFev0cGflASxZW,zT54BfytlJODdWbmeKSVZnQsw2bdlYqX,creator,2025-11-25 10:42:15.169
d80eovjEz-9itwolFypv-,WTZh7sztTRhyQZBuw6rB8,GdwpHOgPdwWSgNnWSjHG5v0llqBVbKtg,creator,2025-11-26 08:25:32.059
d9r7fWYGZq9q8wrWRdy-K,eIj5U6wkgeTAj4mzDsvT1,uzoM3ZYUxlAdTcZz22TEBpxna0cSpHec,creator,2025-11-20 12:56:19.279
DF3EJZl-ad0aInxGqjw-Z,9UuGzBp8_3y0WbEoYMP6u,GdwpHOgPdwWSgNnWSjHG5v0llqBVbKtg,creator,2025-12-29 10:38:27.442
dFi1TAYJHCoMRWqKOqeKz,cr0NMtJjnYUF8IgxvjosF,GdwpHOgPdwWSgNnWSjHG5v0llqBVbKtg,creator,2025-12-19 09:32:57.62
dgRcOUuWXYrn90fA9a8I8,o6oh_BCt1s0LxrDawLC_N,GdwpHOgPdwWSgNnWSjHG5v0llqBVbKtg,creator,2025-12-09 18:48:35.579
dhfbH-Qi_fDparlJ8TOa4,kqSXWWNykz5BVs745c9P5,zT54BfytlJODdWbmeKSVZnQsw2bdlYqX,creator,2025-11-12 11:27:15.946
dJKf4CUIzUtZH5EtCZkU7,P20dCrTQwBl2Td79SRg5R,zT54BfytlJODdWbmeKSVZnQsw2bdlYqX,creator,2025-12-23 13:32:19.275
DkVIRsUVS83LnmFVgJu_f,QBz9wfcw88z-pobWv3J3k,S1SfLojzX9ywijHIQd4Lqftiy72b4cOQ,creator,2025-11-14 16:26:26.095
dsH5_DtLrxEvNQJe0lXgb,ppbKcY4XuUxpU1m8KuOno,SbaqoYkhJiwSJ6kiC7UlgqsWXdNVGYWT,creator,2025-12-09 15:09:41.885
dUNY3McWrQwVnDDIEuU7g,NjcskK6flqXf_J7Svz1Gq,pYcGKxZ2bm6CMreDd4PaXfGdyImop3w3,creator,2025-12-08 11:21:43.947
DWlLJP6ksnhufSkQN90u7,WcL3AaPDutuNVYQrFlW86,GdwpHOgPdwWSgNnWSjHG5v0llqBVbKtg,creator,2025-12-17 10:08:01.986
DzIomeFnqJP04-ZmF3Fyv,kOvGGRmr1-p7vOOQXMqNE,GdwpHOgPdwWSgNnWSjHG5v0llqBVbKtg,creator,2025-12-23 12:30:52.094
DZWNsmsk61U53gZbtDkAz,mbicsM-uu9kGZJQJ6WpuH,S1SfLojzX9ywijHIQd4Lqftiy72b4cOQ,creator,2025-12-09 18:23:04.317
E3aAh4y69SXByT_wEEV85,NJ6zFgNF0YPr2qQ2i5jrq,GdwpHOgPdwWSgNnWSjHG5v0llqBVbKtg,creator,2025-11-28 14:44:45.139
ecUU478KJs6EHg9NCEYlL,8fxicfi61qXcht_pk8FRP,zT54BfytlJODdWbmeKSVZnQsw2bdlYqX,creator,2025-11-18 13:24:10.904
eD2Kt7Pyhb_lxRuvkw4aq,bC2LGt5ZsfZsuWpDFqN-e,GdwpHOgPdwWSgNnWSjHG5v0llqBVbKtg,creator,2025-11-14 17:29:11.494
EeCqv9jsAYtnXF7W8VR6b,ML54q8H-8gU9vX-jrxtc-,zT54BfytlJODdWbmeKSVZnQsw2bdlYqX,creator,2025-12-29 08:14:58.459
Ejf-PWTJaPIubyeOl1t0w,kUt6AGNT3D5jbtVkFMGwZ,zT54BfytlJODdWbmeKSVZnQsw2bdlYqX,creator,2025-12-29 08:13:21.126
eKddZP3eBcu6SDyayN3H9,UVrCLQSDlnWqhyve78Md2,zT54BfytlJODdWbmeKSVZnQsw2bdlYqX,creator,2025-12-19 08:42:40.231
elFjjFarBK0vp7s2Nj6vK,G03_9vC5wQBr4I8-wD_Mj,S1SfLojzX9ywijHIQd4Lqftiy72b4cOQ,creator,2025-11-21 15:57:00.937
EnzzcZcykNlsem5QAfwBK,CIxZRoPHH_QBGdy6I-L-M,S1SfLojzX9ywijHIQd4Lqftiy72b4cOQ,creator,2025-12-01 14:43:00.14
Esj0yBKPfcvMmGgsh7swJ,PGeQM0QfZBLp-OYsPDVy5,pYcGKxZ2bm6CMreDd4PaXfGdyImop3w3,creator,2025-11-28 09:47:46.674
eTcs3prF2ubtBVbNkVEZl,frz6Piq_UOkACxDLli84H,SbaqoYkhJiwSJ6kiC7UlgqsWXdNVGYWT,creator,2025-12-09 15:33:09.645
eTpAkS0pc8lLHaOi5us6q,Svhp6aEbsXT949f6AfMzt,GdwpHOgPdwWSgNnWSjHG5v0llqBVbKtg,creator,2025-11-21 16:15:36.289
evBM9BMRncj6gm04LOS0S,6d_E8UdBj8XjTAy4l5DG-,zT54BfytlJODdWbmeKSVZnQsw2bdlYqX,creator,2025-11-17 08:03:27.622
ex4P5fQiyoAqgPFril4LX,XW-qkrrQvCMk198Vqc-Nn,pYcGKxZ2bm6CMreDd4PaXfGdyImop3w3,creator,2025-11-10 09:25:18.821
f-uKVqpOJgBmwwyhy3sMl,5T7T4rnV_ThZKwo3_B7NX,GdwpHOgPdwWSgNnWSjHG5v0llqBVbKtg,creator,2025-12-17 09:23:56.938
f6l0z0GNP14cW3wPGXLma,q0nwYjh-T-kcCW8_4NL3f,GdwpHOgPdwWSgNnWSjHG5v0llqBVbKtg,creator,2025-11-28 07:25:07.735
F8OcFdz9dwHBREawokszl,Oyv-nHeFMwzx4RJRngfbe,GdwpHOgPdwWSgNnWSjHG5v0llqBVbKtg,creator,2025-11-17 12:05:24.149
Fakfe0SC0Gc7mfNLI3mYd,QKQ4ZDCSBKZeSocI283Pf,zT54BfytlJODdWbmeKSVZnQsw2bdlYqX,creator,2025-11-28 08:41:21.336
FnGuThVjJ-B1sFli1p9PL,9kdJZShYaHSQBp9R9JSgJ,zT54BfytlJODdWbmeKSVZnQsw2bdlYqX,creator,2025-12-09 08:39:25.37
fnZv3CMreweakmYX_E9t7,KJ7faIBbU92V0DfWrsETE,S1SfLojzX9ywijHIQd4Lqftiy72b4cOQ,creator,2025-12-23 09:05:04.119
FRDALcr45igiNdgnScXhD,KJ-z-IGU_O55goGBRTB_q,pYcGKxZ2bm6CMreDd4PaXfGdyImop3w3,creator,2025-11-28 09:47:59.6
FWIDBE0gkXKyILMeN2m9s,WNQqZhtQFOfu6PbHNfKY0,S1SfLojzX9ywijHIQd4Lqftiy72b4cOQ,creator,2025-12-23 10:52:01.711
FxaubvMlVE-fDnP52GDh1,nXpfUK761KhT3TSdc2HuR,zT54BfytlJODdWbmeKSVZnQsw2bdlYqX,creator,2025-12-01 13:00:16.552
fXRJcnip4-o-iX7cxQL5G,JQjw7uJYUa_J6vc9HhpWr,zT54BfytlJODdWbmeKSVZnQsw2bdlYqX,creator,2025-12-23 13:32:13.406
Gkql9BSgMYiLhvjshkjbR,tB4mbFmC7Xf71a32MWU78,GdwpHOgPdwWSgNnWSjHG5v0llqBVbKtg,creator,2025-12-17 10:06:19.307
gRZdica7wqQUMFwuT0U35,FCOPZkEmA75QunDAhHUVy,zT54BfytlJODdWbmeKSVZnQsw2bdlYqX,creator,2025-11-18 13:18:39.637
Gsok_4b6XQl2k9qki_cvl,lDtwlna8ne0BsDe-tRZZg,zT54BfytlJODdWbmeKSVZnQsw2bdlYqX,creator,2025-11-17 10:19:51.223
GyBCCXt474utWUZsiBe-F,Hk-7JMmlHiuyNeAzyFuHR,S1SfLojzX9ywijHIQd4Lqftiy72b4cOQ,creator,2025-11-14 15:27:58.564
h24Hm0Hflv96K3ngp4jQU,YWLqj_bIEVXhO6jh61hTc,S1SfLojzX9ywijHIQd4Lqftiy72b4cOQ,creator,2025-11-14 17:36:17.35
Hg13TWZo4ZH9aWOWdleNi,kW9hZvhg6lSH7mq9E4ck_,S1SfLojzX9ywijHIQd4Lqftiy72b4cOQ,creator,2025-12-01 14:34:40.968
HGc4nLSpEusAleZ264bAV,1WUH5JXOL8YMq1TdT-e96,GdwpHOgPdwWSgNnWSjHG5v0llqBVbKtg,creator,2025-12-01 10:05:18.838
HnPd8BdRxmsbOvCx_R9Gx,f0JZXeh0F4_QId3QOux_-,GdwpHOgPdwWSgNnWSjHG5v0llqBVbKtg,creator,2025-11-14 16:51:04.047
HUMg5yjRNm4q5gwtJOZe-,D2ppA6BmKXZaPZedC3MLl,GdwpHOgPdwWSgNnWSjHG5v0llqBVbKtg,creator,2025-11-18 17:59:48.4
hv5G4oBstkUS--ATeL5gA,_toJLfHH6Xq9vea2TKZCE,zT54BfytlJODdWbmeKSVZnQsw2bdlYqX,creator,2025-12-19 09:09:06.067
I81DvarsPgm-PkvXwVf0P,F0u-DKkiMuYL1L55a5uZo,5CUbS4Ww95utj7iNfbi5WHq8gRcFt1U3,creator,2025-12-15 15:30:59.286
IcuBuGMNNugHeK9A-V_gs,KZxPenBNyQL9aTQVNb_rY,zT54BfytlJODdWbmeKSVZnQsw2bdlYqX,creator,2025-11-17 11:08:32.017
IkMl36PHVq9CoWDiSYUfu,EAFyRlPtgNHJXf4UoGbkL,zT54BfytlJODdWbmeKSVZnQsw2bdlYqX,creator,2025-11-17 13:02:37.069
iLiXb38QufKChkqERlndH,oxmyWrw8SHNEsr7UZCcp0,S1SfLojzX9ywijHIQd4Lqftiy72b4cOQ,creator,2025-11-20 10:08:15.005
iMVR8C-9FgcmJUNe9EU9J,kRexEOjtG5nvVqJEokALD,S1SfLojzX9ywijHIQd4Lqftiy72b4cOQ,creator,2025-12-01 16:36:12.039
IYiBCWWevZaX7RffyOV-6,x6RjAySdohGLCuyq6o8_g,S1SfLojzX9ywijHIQd4Lqftiy72b4cOQ,creator,2025-12-01 15:58:55.911
IYtMfmwNvCAu99bM7Iow0,3I5ZBrRqLkpUtK1HPtyKa,5CUbS4Ww95utj7iNfbi5WHq8gRcFt1U3,creator,2025-11-22 10:50:36.96
iZI-xKe9MKwnNsA5Iz7Sr,JysW5Cuj8RVhtMR_AcyRL,S1SfLojzX9ywijHIQd4Lqftiy72b4cOQ,creator,2025-12-16 07:48:06.829
j-DaxOF4jkPNB2hVVoCR0,F22HqqYuJ3a3-uZcR4rOL,GdwpHOgPdwWSgNnWSjHG5v0llqBVbKtg,creator,2025-12-19 09:39:07.69
jdS7SxzkMlbB4lNeLnx6n,uIFLw-Be7QI9N5WhAQi8r,GdwpHOgPdwWSgNnWSjHG5v0llqBVbKtg,creator,2025-11-21 16:34:02.014
jER21odMGp9spBCNCFaLB,B2UX3tqbeXdTrY19nWqbm,S1SfLojzX9ywijHIQd4Lqftiy72b4cOQ,creator,2025-12-01 14:53:27.785
jLIMviFh7Zn2uaaIZZRzh,PSXS6KplsbyVeChmkysGg,S1SfLojzX9ywijHIQd4Lqftiy72b4cOQ,creator,2025-11-18 18:01:57.761
jy68HrPM9CRh9zASFQTsU,h0v3-NYZFUqeDYOhV3G4t,S1SfLojzX9ywijHIQd4Lqftiy72b4cOQ,creator,2025-11-14 15:11:32.139
k_rapqoJjSTMNQxlzUc0C,5Hl7xwoSat4fcYuEn5Z6h,GdwpHOgPdwWSgNnWSjHG5v0llqBVbKtg,creator,2025-12-23 11:58:30.624
K-_oEoy7XEe4QYZvX_lit,ynRqNQnCgu0tqrtoZSHjS,GdwpHOgPdwWSgNnWSjHG5v0llqBVbKtg,creator,2025-11-19 17:21:11.955
K5K4kgLagiPBsu_QF1axO,SmESmp81Ece-_cEf-gToP,GdwpHOgPdwWSgNnWSjHG5v0llqBVbKtg,creator,2025-12-23 11:38:14.722
keq5qnlwxY4JzXt2J2UM2,zesA153uzkV8KsVuk4x5m,GdwpHOgPdwWSgNnWSjHG5v0llqBVbKtg,creator,2025-11-24 15:42:45.794
KGxXUshGfRLZHH6TUP-os,wuvUU97KvPa41-NcZYBkR,GdwpHOgPdwWSgNnWSjHG5v0llqBVbKtg,creator,2025-11-13 12:32:22.095
Kih9qb5J-QpKAnFsm2iAy,AhXgY9F0jTqGR97NHbj_0,GdwpHOgPdwWSgNnWSjHG5v0llqBVbKtg,creator,2025-11-14 16:13:22.65
KJN8ue-t-u8NhE-tytgeR,xUVeVQ8s0CWll6g5FX_HU,GdwpHOgPdwWSgNnWSjHG5v0llqBVbKtg,creator,2025-11-13 12:29:03.997
KN3v6nuh4jN6aDWGTISik,7c8Pl8EMhf-FRVfIPJEgw,GdwpHOgPdwWSgNnWSjHG5v0llqBVbKtg,creator,2025-11-13 12:10:51.616
kOw-JPMsfE4DDkKxzTT3X,rEVaXGgFWdzac_e0FwIdn,S1SfLojzX9ywijHIQd4Lqftiy72b4cOQ,creator,2025-12-09 18:26:30.321
KOZFmjmzhphszK7L4v0z0,9vO-qNXjJ-TTan8Smwg5F,S1SfLojzX9ywijHIQd4Lqftiy72b4cOQ,creator,2025-12-09 18:17:39.693
ktyY6JTFXlBGORU7TpD-y,CWuAk8ZI24RxZLB8lwXe4,zT54BfytlJODdWbmeKSVZnQsw2bdlYqX,creator,2025-12-19 08:53:44.725
L0CniAPPMO-VZ_aOiGTN1,fBpRBXLGSmM-UcFx71Slr,zT54BfytlJODdWbmeKSVZnQsw2bdlYqX,creator,2025-11-17 11:02:32.462
l47EH5kEsb7Mo4czkqrU0,3-IHBTqgypobcDbXJEXNt,GdwpHOgPdwWSgNnWSjHG5v0llqBVbKtg,creator,2025-11-18 18:09:08.739
lKMXt7tCqFfmzxIsEQYKQ,b0bhhXnip3CJN3djnPMef,S1SfLojzX9ywijHIQd4Lqftiy72b4cOQ,creator,2025-12-09 18:13:19.63
lMH2d7gQA8b8ho7O_rb4h,6TaghAbAbSyxFl4GoaV-c,GdwpHOgPdwWSgNnWSjHG5v0llqBVbKtg,creator,2025-11-17 13:00:45.099
ln5XXrZME4mncNz2Ti8qU,obrt8alkf58Gl0R2GMfoO,S1SfLojzX9ywijHIQd4Lqftiy72b4cOQ,creator,2025-11-21 17:37:31.973
LPP-VThbjUObUal0n9UBj,hagRVkWMK9tn7quTxvpeJ,GdwpHOgPdwWSgNnWSjHG5v0llqBVbKtg,creator,2025-11-28 07:46:47.376
LRnmdHz7sfNk_JuhaEoA1,Z_b3tpjVynvl74a4_2ZAY,pYcGKxZ2bm6CMreDd4PaXfGdyImop3w3,creator,2025-11-13 13:47:08.518
Lvk93otTzlP3W6h9TkwQg,hSl0Ha77RYa7ezOFzABVZ,GdwpHOgPdwWSgNnWSjHG5v0llqBVbKtg,creator,2025-12-09 18:17:21.668
lWH2cEEXQoq0lvqupkpTe,SPb1YJdag-3h8xshjnslJ,uzoM3ZYUxlAdTcZz22TEBpxna0cSpHec,creator,2025-11-20 16:59:05.307
lwyuDaz4_ooBYXk25ULoz,gLs9Mneg7HizEgmD76ryE,SbaqoYkhJiwSJ6kiC7UlgqsWXdNVGYWT,creator,2025-12-02 14:38:48.143
lZWwgJWiwXKLckOQX-xCx,BD0vwb4YIMOnNqx5OcGUr,GdwpHOgPdwWSgNnWSjHG5v0llqBVbKtg,creator,2025-11-21 10:13:48.194
LzzOJcSJgqZ3DbaW7QaL8,fPBy_a4i-XaEEX1qeZ3ea,iV8MaMrFXuMT04aqkjJYXzvupR9n47Qq,creator,2025-11-10 08:41:34.422
M-V5LcgVtNVH8FaSzpH7m,cK3ceGsGz862OExRME7DO,GdwpHOgPdwWSgNnWSjHG5v0llqBVbKtg,creator,2025-11-17 10:31:44.513
M2J6ToWrXIRtqhpe79DyS,pRhJAxGak4YLLxekp4i57,iV8MaMrFXuMT04aqkjJYXzvupR9n47Qq,creator,2025-11-10 08:40:14.338
MI7lzudUW3_UTnRcmcHzh,LCBhj0UZBa4eEQNgBCWRd,pYcGKxZ2bm6CMreDd4PaXfGdyImop3w3,creator,2025-11-10 08:56:58.502
MNG_RxLV7Cas5w7xIy9Fs,2BPAbCvu5tZ_MjHqkvEzg,GdwpHOgPdwWSgNnWSjHG5v0llqBVbKtg,creator,2025-11-17 10:00:37.811
mo_WIf6Dz-Z296gIwOlTr,khgAzMutOag--rCM7y9FT,zT54BfytlJODdWbmeKSVZnQsw2bdlYqX,creator,2025-12-03 13:31:36.392
MpcaxPNvqfTRo5u62pLMj,YD7Zu2nZ5uPnx0BNy7K8m,GdwpHOgPdwWSgNnWSjHG5v0llqBVbKtg,creator,2025-11-18 09:46:55.348
MSRm_COtyEjlU2a7BbsaL,w8W8qCp5Yi04dEd5A1j5F,zT54BfytlJODdWbmeKSVZnQsw2bdlYqX,creator,2025-12-02 11:52:38.818
mxj9R8Boyih3lO3gF9Rzx,VsmvWJdTPstimUMX_hdo-,zT54BfytlJODdWbmeKSVZnQsw2bdlYqX,creator,2025-11-10 09:13:07.7
mYVxsScOpWj2kFiN6Ta1A,VzaYAWIXeCFicmK_J2DTq,5CUbS4Ww95utj7iNfbi5WHq8gRcFt1U3,creator,2025-12-15 15:13:47.1
mZHYEfp1ZD_JQDVOb4rY3,We-5KY-0sHJ-6gQUnkkWL,S1SfLojzX9ywijHIQd4Lqftiy72b4cOQ,creator,2025-12-01 14:37:07
N1Mnv0Stv63alTd3M2wWn,-kch1P4u38zpY9JlI7o09,S1SfLojzX9ywijHIQd4Lqftiy72b4cOQ,creator,2025-11-14 17:09:32.4
NBYghlWPnUuLN4TBej96B,SuAf9808Ui4Kbo4BniSBG,S1SfLojzX9ywijHIQd4Lqftiy72b4cOQ,creator,2025-12-01 15:14:14.713
nfMef4BsH8tR0o4ODtfhh,dAuS-lP_dIUZp5n-JvhyN,S1SfLojzX9ywijHIQd4Lqftiy72b4cOQ,creator,2025-11-21 17:58:06.642
NGtQj9tCR66h6H6dUe9tl,oSFmQ4xTGHHotj_MCG9Ke,pYcGKxZ2bm6CMreDd4PaXfGdyImop3w3,creator,2025-12-09 13:04:45.481
nKkZQTBuBieWENboorZpt,jIjEZ4dvJiv4wl_Y5vEl9,S1SfLojzX9ywijHIQd4Lqftiy72b4cOQ,creator,2025-12-09 18:15:44.515
nP_hzhkWwisQHegmJIJiZ,yCyu8NKhycffe-_PvhZPq,zT54BfytlJODdWbmeKSVZnQsw2bdlYqX,creator,2025-11-17 10:55:22.594
NpN8amjK4bNDds9tb2XKu,xUE2zWLn3niAA0KuJhPl9,SbaqoYkhJiwSJ6kiC7UlgqsWXdNVGYWT,creator,2025-12-02 14:41:36.228
NudtY2nbhbh_MUyAR3Mt-,RO4f155H-ZWskkLiUwcRj,GdwpHOgPdwWSgNnWSjHG5v0llqBVbKtg,creator,2025-11-28 07:36:45.118
oGpS2ix-Mtp8sh3wiNCo1,TPveS0eNK-RO0DD1YVNu1,GdwpHOgPdwWSgNnWSjHG5v0llqBVbKtg,creator,2025-12-16 08:07:43.011
okCmwSO0ZEOtMgcSFHnNO,HIMOKu9_e6T3iGoyWrUO2,iV8MaMrFXuMT04aqkjJYXzvupR9n47Qq,creator,2025-11-10 08:40:28.446
OLf9NP-NxGMzelowHhtdw,unLzLaM07J7MW-BD2Sclt,zT54BfytlJODdWbmeKSVZnQsw2bdlYqX,creator,2025-11-17 11:00:19.292
onpVUfGTAAm2qYCN9UBSQ,VSCiGoKSa5bt1oxt_tM3A,GdwpHOgPdwWSgNnWSjHG5v0llqBVbKtg,creator,2025-12-19 10:01:05.47
OocW0QRpvjgjHltZPfiaM,wu4AsNxzWlXNWBIA26zCQ,SbaqoYkhJiwSJ6kiC7UlgqsWXdNVGYWT,creator,2025-12-10 14:57:59.143
OpuUZRPM_BLiVXwbX2rYi,z4SupXMh0DNvsZ4w5Ygxw,S1SfLojzX9ywijHIQd4Lqftiy72b4cOQ,creator,2025-11-14 17:00:07.708
OUeSOjKg5pqb7-1N1Yc-w,TzaRC-OBslSb_xRxtca_W,zT54BfytlJODdWbmeKSVZnQsw2bdlYqX,creator,2025-11-28 08:39:48.611
ouwVSAiGySGrpKJBD8N75,8JvMGMUfbuxcPlhWcFWiO,GdwpHOgPdwWSgNnWSjHG5v0llqBVbKtg,creator,2025-12-23 11:14:53.604
oyCrMmflZaMQNo0t0Z8jf,sWSFXVqqNEV6PpLQVuIRP,GdwpHOgPdwWSgNnWSjHG5v0llqBVbKtg,creator,2025-11-17 11:17:51.842
oYRjo57q9bgnXq01s6Jlm,Vi-vadGNEI2PrCjFvK-k-,iV8MaMrFXuMT04aqkjJYXzvupR9n47Qq,creator,2025-11-10 08:40:21.161
P2K0gpEL53dAz2cEhEJHq,xYwQGtwGZHMmRm82onU_A,zT54BfytlJODdWbmeKSVZnQsw2bdlYqX,creator,2025-12-01 13:00:21.259
pBKRCIKbgQLanJFgA7KLN,CQPChMRPUxbTmVnBfTeLR,GdwpHOgPdwWSgNnWSjHG5v0llqBVbKtg,creator,2025-11-12 16:06:18.107
pcCOoWaIk402o3yNXDZPU,i9tR1om0I_b4GxHrvD5D0,S1SfLojzX9ywijHIQd4Lqftiy72b4cOQ,creator,2025-11-18 17:59:36.349
Pi9qM-rlzlXJGF-17PVuV,NKz37xZ_d00_J8AXZ-9kI,GdwpHOgPdwWSgNnWSjHG5v0llqBVbKtg,creator,2025-12-22 10:24:48.763
PkMIqBxLUIppMNIh3kBAi,E552kcEKJUAkFJg2IOTa2,zT54BfytlJODdWbmeKSVZnQsw2bdlYqX,creator,2025-11-17 11:11:24.162
PorqpMSA-Deow6S-Hl71G,iuQLe9fK1AOON94xNcs8V,GdwpHOgPdwWSgNnWSjHG5v0llqBVbKtg,creator,2025-12-23 13:01:03.6
pP6aKMY3LgShHSeOWAOU9,POebaDsbcVNd7xB9P7_86,S1SfLojzX9ywijHIQd4Lqftiy72b4cOQ,creator,2025-11-17 14:08:14.412
PU_zfMQ07PoOQn6abwTNH,NC7PxNId7GVZxI1uW0rXu,GdwpHOgPdwWSgNnWSjHG5v0llqBVbKtg,creator,2025-12-22 11:02:01.066
q2KWMZ79Z1_WJw6SlZ_zQ,UF7FDKrs7SoiQ7qUUQQFp,S1SfLojzX9ywijHIQd4Lqftiy72b4cOQ,creator,2025-12-01 14:56:51.244
Q6tf5bnewJ9p12FaDJ500,ZlJyyy_HGnh4ldxxAGr-z,S1SfLojzX9ywijHIQd4Lqftiy72b4cOQ,creator,2025-11-14 17:04:24.43
Q7GyKzYwz4CuA5UYo9pSx,aMw1h8Q3MDVASL8FY9gZ4,SbaqoYkhJiwSJ6kiC7UlgqsWXdNVGYWT,creator,2025-12-01 14:11:21.385
Qguboc7sBMTccH3k3Pazk,j2MZZCmogYaFgOqQFxTLI,pYcGKxZ2bm6CMreDd4PaXfGdyImop3w3,creator,2025-11-28 09:48:23.334
QIMNtPloQbzJqnCUSBuha,FBakwDihmDjO6FPXXBv_e,S1SfLojzX9ywijHIQd4Lqftiy72b4cOQ,creator,2025-12-09 18:46:58.829
Qjwyi2cdNz-ap74KxZHD3,dZbR5VaOXBWqNKVmH0AMx,S1SfLojzX9ywijHIQd4Lqftiy72b4cOQ,creator,2025-12-01 15:20:34.575
QkmF3_b4Vpynll71XhaNO,2i2jAT7yxFhH9BljyDT9P,S1SfLojzX9ywijHIQd4Lqftiy72b4cOQ,creator,2025-12-23 11:23:56.345
QsUcZAYIYSP79qH03i8Rg,V08d2v70tU23expP20oI2,GdwpHOgPdwWSgNnWSjHG5v0llqBVbKtg,creator,2025-12-23 11:34:34.233
qSvbAnMSHQnCXKIAh3S_v,3xcUrcOu0CMaQs4inyQOE,zT54BfytlJODdWbmeKSVZnQsw2bdlYqX,creator,2025-11-21 13:39:02.659
QtZ-GoJh1wktI1fmkYlhR,bEgTkA7BQqVb74IichlRX,zT54BfytlJODdWbmeKSVZnQsw2bdlYqX,creator,2025-11-25 10:42:24.537
qV7s5E7ZoBcFAHJdNYYd_,25yMYSQlMPV3HUfwrYr7Y,GdwpHOgPdwWSgNnWSjHG5v0llqBVbKtg,creator,2025-12-17 10:44:05.087
QVo4tGJzBS6f-6545vcO9,BdxfLvptbhkGyv8enaLfZ,SbaqoYkhJiwSJ6kiC7UlgqsWXdNVGYWT,creator,2025-11-21 10:04:15.642
QZk_yADVn_QI7j1NHWynK,84fS0IsBVF4FGt0Vh5ppZ,S1SfLojzX9ywijHIQd4Lqftiy72b4cOQ,creator,2025-12-16 07:24:27.891
r-Uw2bwBkY1KFzTSmJzQu,qaIjJUDlmOipwj6bNisnA,pYcGKxZ2bm6CMreDd4PaXfGdyImop3w3,creator,2025-11-28 09:48:12.967
rAam0DpKLQT0i-fr4M_RZ,nbl5AIvUPsp6vXQXnZqfd,SbaqoYkhJiwSJ6kiC7UlgqsWXdNVGYWT,creator,2025-12-16 07:44:04.991
RAMRtnZaFYOaPfG4b9Tx_,iOfcMPzE7erpxSqdIGPPG,GdwpHOgPdwWSgNnWSjHG5v0llqBVbKtg,creator,2025-11-10 16:14:53.755
rb9zVlnHU3o0JFgb9t9UN,xHq9Ras7P1z4Ps0p7roVG,GdwpHOgPdwWSgNnWSjHG5v0llqBVbKtg,creator,2025-12-17 10:37:00.89
RBq0hSBVcrBJba_Z7gqVG,SoH9lpKUSmE6TRUE5N8G8,S1SfLojzX9ywijHIQd4Lqftiy72b4cOQ,creator,2025-11-19 16:09:40.658
RfIYmOjEYVg4nHbM6Hs38,7BnR1wlEJv6wQlOJGOIMG,SbaqoYkhJiwSJ6kiC7UlgqsWXdNVGYWT,creator,2025-12-10 14:55:57.394
RJ3T1J-DMQn08AfoPqrrW,_4XXWez1EtpM67ZygBYm9,S1SfLojzX9ywijHIQd4Lqftiy72b4cOQ,creator,2025-11-20 11:53:45.338
rnrZSLzTlfcGsVRdazTGs,bGxh6n6eLsVUsOmjfVNCp,zT54BfytlJODdWbmeKSVZnQsw2bdlYqX,creator,2025-11-17 10:55:16.668
rSB3I5m9rhWPBTA-RJKA6,OW15tonCnHZxdEz82HB_t,S1SfLojzX9ywijHIQd4Lqftiy72b4cOQ,creator,2025-11-21 16:17:19.986
RzOkR5JUvczDA8Q7dECEN,4lAJFY3OPkLQs1ayLnsFd,GdwpHOgPdwWSgNnWSjHG5v0llqBVbKtg,creator,2025-12-09 18:19:09.554
S-4G40TYQKgkRIrPICIPg,r307ZvWchz8ltANU0wSVP,GdwpHOgPdwWSgNnWSjHG5v0llqBVbKtg,creator,2025-12-17 10:10:28.159
S8V3b9bHrE03Gs43El787,INLKA57pfJA0-VKxmq5_d,GdwpHOgPdwWSgNnWSjHG5v0llqBVbKtg,creator,2025-12-01 12:29:25.981
sE79lWehIuGVM0KdOO0IT,o5P5hDDnuHvElkfEANzb-,GdwpHOgPdwWSgNnWSjHG5v0llqBVbKtg,creator,2025-12-09 18:22:43.669
sWN-dZJGPBKSTdYIoFdAp,ild7KkB-taiCSoZAqdhNR,SbaqoYkhJiwSJ6kiC7UlgqsWXdNVGYWT,creator,2025-12-02 14:43:06.933
t0fCd6Updtib2-xpjvWeX,-k-Y33Lz8tFnkiIhQsku8,GdwpHOgPdwWSgNnWSjHG5v0llqBVbKtg,creator,2025-11-21 10:21:48.757
T7JmlDUuElKl7NS9dGJXv,cHHROL_HkK4C9kIul2dz3,GdwpHOgPdwWSgNnWSjHG5v0llqBVbKtg,creator,2025-11-19 14:56:19.847
TFaMozhY1g6lb70w9ZoE6,kb_zkssGtimvqECUvoB5G,pYcGKxZ2bm6CMreDd4PaXfGdyImop3w3,creator,2025-11-28 09:48:04.025
TgGEkUVYtLU8iVCjCkisK,WP4G9twX6WZpTt2nFFLod,GdwpHOgPdwWSgNnWSjHG5v0llqBVbKtg,creator,2025-11-10 16:04:54.099
TotQ3UKisC5-xbskW1LvI,n3WFyuhUpv01Mi9SUi586,5CUbS4Ww95utj7iNfbi5WHq8gRcFt1U3,creator,2025-12-03 14:17:44.821
TqkcfO0keYkbntSoSOPNX,hOekEjBq9IWDH-1d2nx43,S1SfLojzX9ywijHIQd4Lqftiy72b4cOQ,creator,2025-11-14 17:18:28.074
TS9SGqkyWFRh9x6s5UxRa,xHM9f5OdKnOeIyhhuJ0nK,SbaqoYkhJiwSJ6kiC7UlgqsWXdNVGYWT,creator,2025-12-01 14:17:59.943
tsJebUTpTIvdBL7FmEcpv,e50x1CvVU0sKc9KG2dItC,GdwpHOgPdwWSgNnWSjHG5v0llqBVbKtg,creator,2025-12-23 13:07:12.259
u-14otOWDft5zF-8PADBr,iP3Q3cs4f_RaY6u9TBCt1,GdwpHOgPdwWSgNnWSjHG5v0llqBVbKtg,creator,2025-11-28 08:11:03.544
U3S4NRnLaPVJw5xRbqON3,1S25CGWNS8Jl68XHNRmlZ,S1SfLojzX9ywijHIQd4Lqftiy72b4cOQ,creator,2025-11-14 16:47:42.972
uEdf76opFzzLMve2E7SJA,82blfMEaVKN3pbWHZYmx5,5CUbS4Ww95utj7iNfbi5WHq8gRcFt1U3,creator,2025-12-22 12:04:59.916
UFEGP_rpt_2_Vu0cVph52,3aTVYELlhGHIBc5up8ixa,GdwpHOgPdwWSgNnWSjHG5v0llqBVbKtg,creator,2025-12-09 18:01:37.838
ufF18INjekF8uCaifMs3q,tkM9DfUpMOqNwaRgNp8bg,GdwpHOgPdwWSgNnWSjHG5v0llqBVbKtg,creator,2025-11-26 08:27:50.098
UFnOF1WdwJWXwf5fg3Nmt,vw4qEhvN8sjnEN26Ztdw2,zT54BfytlJODdWbmeKSVZnQsw2bdlYqX,creator,2025-11-17 11:13:55.336
UiFQMZII50zeBB6whZ73Z,V_lsDwvE2yfT0jofzDLPQ,GdwpHOgPdwWSgNnWSjHG5v0llqBVbKtg,creator,2025-12-22 10:35:33.302
Ura10YWuBtxjTLs-rrDXt,9tEwgaLduNonkeIzm5zi8,GdwpHOgPdwWSgNnWSjHG5v0llqBVbKtg,creator,2025-12-19 10:35:37.123
URn9gNR5Xm8NmSRPdWKqI,tfTmiMGLAAOasDfNu7exr,SbaqoYkhJiwSJ6kiC7UlgqsWXdNVGYWT,creator,2025-12-16 07:30:54.255
UTEo4mqN-VJaxtdO_B6IR,HFUKVTPtBVlMNJf9Ns1fC,S1SfLojzX9ywijHIQd4Lqftiy72b4cOQ,creator,2025-12-01 15:04:50.32
uXp3huwPnXorFt0gO2XUJ,koQ08IYL7BAR4g7GnRjju,zT54BfytlJODdWbmeKSVZnQsw2bdlYqX,creator,2025-12-23 13:32:33.71
UYXy6Gvg2iT7Uo3rxANs3,gBqtguuaeRXHedEVpePud,GdwpHOgPdwWSgNnWSjHG5v0llqBVbKtg,creator,2025-11-26 08:14:21.146
v_dHxMhke7O2Gl9BGYiyL,WSlSbwEYKUacEeXnoO3X5,S1SfLojzX9ywijHIQd4Lqftiy72b4cOQ,creator,2025-12-01 16:08:50.515
v2SXS1n-YQUvA7CNKMuDe,tg54HONhrXlhwhchCbXuP,GdwpHOgPdwWSgNnWSjHG5v0llqBVbKtg,creator,2025-11-17 13:31:58.259
v5Zj_5g0q4vjnXaji6su8,LKuP6eXZ8-ZZxjuNz_hc9,GdwpHOgPdwWSgNnWSjHG5v0llqBVbKtg,creator,2025-11-26 08:44:50.726
v88phzEj9qLoPb90tNaoD,k8ZJESSLRW2d5Kghp41HA,GdwpHOgPdwWSgNnWSjHG5v0llqBVbKtg,creator,2025-11-24 15:51:02.436
v8jR2PsKN8DWj-NYv-9Z_,Xs4afuRG014HZ91GofEZi,pYcGKxZ2bm6CMreDd4PaXfGdyImop3w3,creator,2025-11-13 13:48:57.351
VbttVhQ9TCNnmDjHNEpuL,rsoXTCg9xwzSoXe7wjYhW,5CUbS4Ww95utj7iNfbi5WHq8gRcFt1U3,creator,2025-12-15 15:19:53.819
VIlkBqSOclFOsIMhMBo56,mRktdO5hwNzQTGYGuOYAh,GdwpHOgPdwWSgNnWSjHG5v0llqBVbKtg,creator,2025-11-19 16:51:44.809
viq1iPCGc0W0rOfWdvoYf,GJ2cd3dP4q8HmQx5WH8fr,zT54BfytlJODdWbmeKSVZnQsw2bdlYqX,creator,2025-12-19 08:38:51.161
VJlxqQHnDV4DiIIKiY_ZK,wbIIFLmo2s444G6QDh-Pi,pYcGKxZ2bm6CMreDd4PaXfGdyImop3w3,creator,2025-11-28 09:48:08.453
VSax2hxDBtOuFgVYzRI8x,B37eLGE_SaHFzIX__OCVv,S1SfLojzX9ywijHIQd4Lqftiy72b4cOQ,creator,2025-12-01 13:26:23.705
VuUSaezxPGsdno_HJIId3,cczVc3KHDX8CPFoaVQned,iV8MaMrFXuMT04aqkjJYXzvupR9n47Qq,creator,2025-11-05 15:17:03.819
VXG4kO6J7Uofwqj9BHHDn,i1AbWBrzT6jHuZSY5MW7n,S1SfLojzX9ywijHIQd4Lqftiy72b4cOQ,creator,2025-11-21 17:59:50.494
VzDtwRYHkHFaY0ha9Hrpo,6U1USMJqpna7gAUzU45gg,GdwpHOgPdwWSgNnWSjHG5v0llqBVbKtg,creator,2025-11-19 16:55:45.206
WgNCSrMUPphxJlx09AQbk,64BMR0oCnvk17MbKhtP8f,S1SfLojzX9ywijHIQd4Lqftiy72b4cOQ,creator,2025-12-01 16:45:44.323
wMUGIAD_PRI3yaAL9DYqn,9l9YigzA0ShfhSNmnp8Fo,zT54BfytlJODdWbmeKSVZnQsw2bdlYqX,creator,2025-11-28 08:44:28.45
wOdrOrKvm_SOM6S7zL_fV,sNpaAFC_8axeN_EZkpgXj,S1SfLojzX9ywijHIQd4Lqftiy72b4cOQ,creator,2025-11-17 13:55:00.754
wqR0NcE3Kxf_pDtKgPXKy,N8AG6wh5VP9tMrzEXqE3t,GdwpHOgPdwWSgNnWSjHG5v0llqBVbKtg,creator,2025-11-19 17:18:41.397
wTFuYIs0oLfCPv7Kq5Ifb,KzMWkVNPB_vsZiKPnvI2Y,GdwpHOgPdwWSgNnWSjHG5v0llqBVbKtg,creator,2025-11-18 10:02:37.919
WwOyKjZwxjW3xw-Xvcs0y,t8EeASJLF4FMou3Flr-Ut,zT54BfytlJODdWbmeKSVZnQsw2bdlYqX,creator,2025-12-09 08:15:31.563
X0r4nxJMvvteY8a0Onovb,4fxHtgPyuIwEMUmHDBSWP,GdwpHOgPdwWSgNnWSjHG5v0llqBVbKtg,creator,2025-12-17 10:02:47.751
x8oTx866bX93h5SKm89A3,9fFPa7Ca1wFN7y28S2qph,S1SfLojzX9ywijHIQd4Lqftiy72b4cOQ,creator,2025-11-14 15:34:07.384
x9hbyGxMw-LSdphGGvLbg,tT2c_YFTQEXedAcH0S0uH,pYcGKxZ2bm6CMreDd4PaXfGdyImop3w3,creator,2025-12-09 13:03:34.825
x9WNm9DocOPPFs-njlHXe,wREpioGTQ_5UgrVULS4Td,GdwpHOgPdwWSgNnWSjHG5v0llqBVbKtg,creator,2025-12-29 13:18:35.158
xI6z-HRaActJmPOab3BWj,OunW4_KOq5WwORFEwvqDy,S1SfLojzX9ywijHIQd4Lqftiy72b4cOQ,creator,2025-12-01 16:00:43.942
xnqzPxr9rqYuslqceiLyY,3fgAwwOKeueu4O1rRai9O,GdwpHOgPdwWSgNnWSjHG5v0llqBVbKtg,creator,2025-11-28 08:05:04.776
XOpQQsn8lXw7PAAqaYta9,WOH5oCkAAQk_-8TjfSyRf,zT54BfytlJODdWbmeKSVZnQsw2bdlYqX,creator,2025-11-21 13:32:32.564
xQ4w7n0yInTvxn8uLz1Fs,-VNcnlrZviwCnw2ctc-ch,S1SfLojzX9ywijHIQd4Lqftiy72b4cOQ,creator,2025-12-01 16:02:28.596
XSN6-U5-x3AZL7FPu9pZH,QTAZ9K0Jau67pI0EjQxVi,pYcGKxZ2bm6CMreDd4PaXfGdyImop3w3,creator,2025-11-13 13:55:12.213
xtMXx1emc4Q4SxQkVYpv2,q_FuM5mMi-XhCO0QsuT8l,pYcGKxZ2bm6CMreDd4PaXfGdyImop3w3,creator,2025-11-10 08:57:09.43
y8UXk8q6tQIxlls2a_pOu,wbf0_1uqM-8LGNgyoX1NM,GdwpHOgPdwWSgNnWSjHG5v0llqBVbKtg,creator,2025-11-17 10:06:09.365
YBNRqlNSn1RWKzSFaH3vh,iMhbxrw9qqQFWEWF24l3G,zT54BfytlJODdWbmeKSVZnQsw2bdlYqX,creator,2025-12-01 13:00:27.32
Yc6tKuH8r6KjcWMFuEWic,mBwkRUkORZm8v4oMMTO5C,GdwpHOgPdwWSgNnWSjHG5v0llqBVbKtg,creator,2025-11-28 07:32:00.295
yclXo9y3C1VQYzjz2PcCm,S5ha0c440aNrfg8torXY5,iV8MaMrFXuMT04aqkjJYXzvupR9n47Qq,creator,2025-11-22 10:45:18.259
YFgd3iPmxl64iAIfKjZ90,zN1ipzc9MrtGisEoB-_FA,zT54BfytlJODdWbmeKSVZnQsw2bdlYqX,creator,2025-11-10 09:08:32.553
ypRCKSK4oJnbnrHF_vPoi,aX1yy4Y6e9GCc4QC_eCWO,GdwpHOgPdwWSgNnWSjHG5v0llqBVbKtg,creator,2025-11-13 13:00:48.483
YromDViwqj-bhgnyV7y0_,JUyvEHj3RAFtFLCb2nmxL,GdwpHOgPdwWSgNnWSjHG5v0llqBVbKtg,creator,2025-12-16 08:04:00.784
YuW5MBXoJ-2sa393TDNWM,gcrTJ-L1LK6sDh8uHP4K1,S1SfLojzX9ywijHIQd4Lqftiy72b4cOQ,creator,2025-12-01 14:44:40.269
yy54yFpbwXjohUlngvXU_,-nHXPxfeQybvQGE_rLfRs,zT54BfytlJODdWbmeKSVZnQsw2bdlYqX,creator,2025-12-19 08:38:45.913
Z5FRwHUrLgyOjRqcY5pfX,nslpnpQEPQ7Fw37tuc57Z,zT54BfytlJODdWbmeKSVZnQsw2bdlYqX,creator,2025-11-12 11:32:16.226
zCt9Tx5e4HrQLvDRP_n9m,5j3hiUD_P6gT4nXClnVVg,5CUbS4Ww95utj7iNfbi5WHq8gRcFt1U3,creator,2025-12-22 12:01:46.012
ze52Lgs7J8iWfVnrg26SS,SZxBdRcTnWEld0Ww9_tM1,zT54BfytlJODdWbmeKSVZnQsw2bdlYqX,creator,2025-11-28 08:32:24.855
ZeJokZdqUUHXAHOnNoBid,JrSdBq50IOoNj5PoFMhYv,5CUbS4Ww95utj7iNfbi5WHq8gRcFt1U3,creator,2025-11-22 11:10:50.024
ZGJ7ZHYH48S_Ya2gEpB2C,RDQv78qs0C-fsDPKUiXX1,GdwpHOgPdwWSgNnWSjHG5v0llqBVbKtg,creator,2025-11-17 11:06:24.955
ZK5el_C-n8Bqmj-FjDnrB,XAkEBO-gtVL-MblAPYEa8,GdwpHOgPdwWSgNnWSjHG5v0llqBVbKtg,creator,2025-11-18 18:14:42.865
zkM_eosynmQCvlW9KCF3a,5tqSCEEerqzFqUs5ckgA7,pYcGKxZ2bm6CMreDd4PaXfGdyImop3w3,creator,2025-11-19 14:50:28.513
Zo2T5oHjI_rWzNFXr9WD4,_mRyeAtncrUm7dLqEewUi,zT54BfytlJODdWbmeKSVZnQsw2bdlYqX,creator,2025-12-09 08:30:51.571
zo6in0FcBI6z1mnKNxP1H,OdFK7UwFudmg9fhD4hDuZ,zT54BfytlJODdWbmeKSVZnQsw2bdlYqX,creator,2025-12-19 08:55:41.672
ZvhyWHYRYTVxi5le_Z8ct,mcGQjjfKz8tFS28SbLWkH,GdwpHOgPdwWSgNnWSjHG5v0llqBVbKtg,creator,2025-11-18 10:02:45.05
ZwdzMy6s5zseyMc163QKb,xlM6ivgqE9k2HHW2B8bZl,GdwpHOgPdwWSgNnWSjHG5v0llqBVbKtg,creator,2025-12-22 10:16:30.636
zXCcHNQxS0VKQkSwEZsNx,8lDIpHXVWeeNzQff6eal5,pYcGKxZ2bm6CMreDd4PaXfGdyImop3w3,creator,2025-11-28 09:47:53.885